{
    "accuracy": 0.9995,
    "precision": 0.9995002707092583,
    "recall": 0.9995,
    "f1_score": 0.9994984547924146
}